<favourites>
	<favourite name="Installa (Zip/MemoriaEsterno/Download/Superfavoriti/KoD)" thumb="DefaultAddonVideo.png">ActivateWindow(10040,&quot;addons://repository.wltv/xbmc.addon.video&quot;,return)</favourite>
	<favourite name="Installa (Zip/MemoriaEsterno/Download/Superfavoriti/MandraKodi" thumb="DefaultAddonRepository.png">ActivateWindow(10040,&quot;addons://user/xbmc.addon.repository&quot;,return)</favourite>
	<favourite name="Installa (Zip/MemoriaEsterno/Download/Superfavoriti/wltv" thumb="DefaultAddonPicture.png">ActivateWindow(10040,&quot;addons://user/xbmc.addon.image&quot;,return)</favourite>
	<favourite name="Installa (Zip/MemoriaEsterno/Download/Superfavoriti/PlayListLoader" thumb="DefaultAddonVfs.png">ActivateWindow(10040,&quot;addons://repository.xbmc.org/kodi.vfs&quot;,return)</favourite>
	<favourite name="Installa World Live TV (Clicca piú volte)" thumb="special://home/addons/plugin.video.wltvhelper/resources/images/wltv-logo.gif">ActivateWindow(10025,&quot;plugin://plugin.video.wltvhelper&quot;,return)</favourite>
	<favourite name="Installa YouTube (Clicca piú volte)" thumb="special://home/addons/plugin.video.youtube/resources/media/icon.png">ActivateWindow(10025,&quot;plugin://plugin.video.youtube&quot;,return)</favourite>
	<favourite name="[B][COLOR aqua]AVVIA MandraKodi (Solo la prima volta)[/COLOR][/B]" thumb="special://home/addons/plugin.video.mandrakodi/icon.gif">ActivateWindow(10025,&quot;plugin://plugin.video.mandrakodi&quot;,return)</favourite>
</favourites>