<favourites>
	<favourite name="Canali" thumb="">ActivateWindow(10700,&quot;pvr://channels/tv/&quot;,return)</favourite>
	<favourite name="Seleziona Lista" thumb="special://home/addons/plugin.video.wltvhelper/resources/images/list.png">ActivateWindow(10025,&quot;plugin://plugin.video.wltvhelper/switch&quot;,return)</favourite>
	<favourite name="Gestisci Liste" thumb="special://home/addons/plugin.video.wltvhelper/resources/images/compose.png">ActivateWindow(10025,&quot;plugin://plugin.video.wltvhelper/maker&quot;,return)</favourite>
	<favourite name="Playlist Manager (VOD)" thumb="special://home/addons/plugin.video.wltvhelper/resources/images/compose.png">ActivateWindow(10025,&quot;plugin://plugin.video.wltvhelper/vodmanager&quot;,return)</favourite>
	<favourite name="Controlla aggiornamenti" thumb="special://home/addons/plugin.video.wltvhelper/resources/images/log.png">PlayMedia(&quot;plugin://plugin.video.wltvhelper/forcecheckupdate?sf_options=winID%3D10025%26_options_sf&quot;)</favourite>
</favourites>