<favourites>
	<favourite name="PRIVATA" thumb="NULL">ActivateWindow(10025,&quot;plugin://plugin.program.super.favourites/?label=PRIVATA&amp;mode=660&amp;cmd=ActivateWindow%2810025%2C%22plugin%3A%2F%2Fplugin.video.vilhaoplaylist%2F%3Fcache%3D0%26iconimage%26index%3D0%26logos%26mode%3D10%26name%26url%3Dhttps%253a%252f%252fpastebin.com%252fraw%252f3wXVM5f7%26uuid%3D0%22%2Creturn%29&amp;content_type=video&quot;,return)</favourite>
	<favourite name="WISEPLAY" thumb="thumb://None">ActivateWindow(10025,&quot;plugin://plugin.program.super.favourites/?label=Wiseplay&amp;mode=660&amp;cmd=ActivateWindow%2810025%2C%22plugin%3A%2F%2Fplugin.video.vilhaoplaylist%2F%3Fcache%3D0%26iconimage%26index%3D0%26logos%26mode%3D10%26name%26url%3Dhttps%253a%252f%252fpastebin.com%252fraw%252ff5HTRyEL%26uuid%3D0%22%2Creturn%29&amp;image=thumb%3A%2F%2FNone&amp;content_type=video&quot;,return)</favourite>
	<favourite name="DaddyLive" thumb="NULL">ActivateWindow(10025,&quot;plugin://plugin.program.super.favourites/?label=DaddyLive&amp;mode=660&amp;cmd=ActivateWindow%2810025%2C%22plugin%3A%2F%2Fplugin.video.vilhaoplaylist%2F%3Fcache%3D0%26iconimage%3D%252fstorage%252femulated%252f0%252fAndroid%252fdata%252forg.xbmc.kodi%252ffiles%252f.kodi%252faddons%252fplugin.video.vilhaoplaylist%252fresources%252fimages%252fdefault-list-image.png%26logos%26mode%3D2%26name%3D%255bDaddyLive%255d%26url%3Dhttps%253a%252f%252ftinyurl.com%252fnh38ex77%26uuid%3Df113bf37-8887-44ce-bd29-749cedb66319%22%2Creturn%29&amp;content_type=video&quot;,return)</favourite>
	<favourite name="[COLOR gold]CalcioGa[/COLOR]" thumb="">ActivateWindow(10025,&quot;plugin://plugin.program.super.favourites/?label=%5BCOLOR%20gold%5DCalcioGa%5B%2FCOLOR%5D&amp;mode=660&amp;cmd=ActivateWindow%2810025%2C%22plugin%3A%2F%2Fplugin.video.mandrakodi%2F%3Faction%3DgetExtData%26url%3Dhttps%253a%252f%252ftest34344.herokuapp.com%252ffilter.php%253fnumTest%253dA1A116%22%2Creturn%29&amp;image=%2Fstorage%2Femulated%2F0%2FAPKTime%2FImageCache%2Fcalcio_ga.jpg&amp;content_type=video&quot;,return)</favourite>
	<favourite name="[COLOR gold]DaddyMandra[/COLOR]" thumb="NULL">ActivateWindow(10025,&quot;plugin://plugin.program.super.favourites/?label=%5BCOLOR%20gold%5DDaddyMandra%5B%2FCOLOR%5D&amp;mode=660&amp;cmd=ActivateWindow%2810025%2C%22plugin%3A%2F%2Fplugin.video.mandrakodi%2F%3Faction%3DgetExtData%26url%3Dhttps%253a%252f%252ftest34344.herokuapp.com%252ffilter.php%253fnumTest%253dA1A114%22%2Creturn%29&amp;content_type=video&quot;,return)</favourite>
	<favourite name="[COLOR blue]Platin - Ace[/COLOR]" thumb="">ActivateWindow(10025,&quot;plugin://plugin.program.super.favourites/?label=%5BCOLOR%20gold%5DLISTA%202%5B%2FCOLOR%5D%20%5BCOLOR%20blue%5D%28Platin%20-%20Ace%29%5B%2FCOLOR%5D&amp;mode=660&amp;cmd=ActivateWindow%2810025%2C%22plugin%3A%2F%2Fplugin.video.mandrakodi%2F%3Faction%3DgetExtData%26url%3Dhttps%253a%252f%252ftest34344.herokuapp.com%252ffilter.php%253fnumTest%253dA1A115%22%2Creturn%29&amp;image=https%3A%2F%2Fwww.dropbox.com%2Fs%2F7pxkxpw2uoregxs%2Fnumero_2.jpg%3Fdl%3D1&amp;content_type=video&quot;,return)</favourite>
</favourites>