<favourites>
	<favourite name="CANALI VARIOUS" thumb="">ActivateWindow(10025,&quot;plugin://plugin.program.super.favourites/?label=CANALI%20VARIOUS&amp;mode=660&amp;cmd=ActivateWindow%2810025%2C%22plugin%3A%2F%2Fplugin.video.vilhaoplaylist%2F%3Fcache%3D0%26iconimage%26index%3D0%26logos%26mode%3D10%26name%26url%3Dhttps%253a%252f%252fpastebin.com%252fraw%252fUHFyqHYn%26uuid%3D0%22%2Creturn%29&amp;content_type=video&quot;,return)</favourite>
	<favourite name="CANALI DADDY" thumb="">ActivateWindow(10025,&quot;plugin://plugin.program.super.favourites/?label=CANALI%20DADDY&amp;mode=660&amp;cmd=ActivateWindow%2810025%2C%22plugin%3A%2F%2Fplugin.video.vilhaoplaylist%2F%3Fcache%3D0%26iconimage%26index%3D0%26logos%26mode%3D10%26name%26url%3Dhttps%253a%252f%252fpastebin.com%252fraw%252fXGpcgLZZ%26uuid%3D0%22%2Creturn%29&amp;content_type=video&quot;,return)</favourite>
	<favourite name="CANALI WISEPLAY" thumb="">ActivateWindow(10025,&quot;plugin://plugin.program.super.favourites/?label=CANALI%20WISEPLAY&amp;mode=660&amp;cmd=ActivateWindow%2810025%2C%22plugin%3A%2F%2Fplugin.video.vilhaoplaylist%2F%3Fcache%3D0%26iconimage%3Dhttps%253a%252f%252fupload.wikimedia.org%252fwikipedia%252fcommons%252fthumb%252fb%252fbe%252fSky_Uno_-_Logo_2021.svg%252f512px-Sky_Uno_-_Logo_2021.svg.png%26index%3D0%26logos%26mode%3D10%26name%26url%3Dhttps%253a%252f%252fpastebin.com%252fraw%252f3EbnAAEy%26uuid%3D0%22%2Creturn%29&amp;image=https%3A%2F%2Fupload.wikimedia.org%2Fwikipedia%2Fcommons%2Fthumb%2Fb%2Fbe%2FSky_Uno_-_Logo_2021.svg%2F512px-Sky_Uno_-_Logo_2021.svg.png&amp;content_type=video&quot;,return)</favourite>
	<favourite name="[COLOR gold]Canali CalcioGA[/COLOR]" thumb="">ActivateWindow(10025,&quot;plugin://plugin.program.super.favourites/?label=%5BCOLOR%20gold%5DLISTA%206%20%28CalcioGA%29%5B%2FCOLOR%5D&amp;mode=660&amp;cmd=ActivateWindow%2810025%2C%22plugin%3A%2F%2Fplugin.video.mandrakodi%2F%3Faction%3DgetExtData%26url%3Dhttps%253a%252f%252ftest34344.herokuapp.com%252ffilter.php%253fnumTest%253dA1A125%22%2Creturn%29&amp;image=https%3A%2F%2Fwww.dropbox.com%2Fs%2Fjfjx5r9vtln4pc2%2Fnumero_6.jpg%3Fdl%3D1&amp;content_type=video&quot;,return)</favourite>
	<favourite name="[COLOR gold]Canali MPD[/COLOR]" thumb="">ActivateWindow(10025,&quot;plugin://plugin.program.super.favourites/?label=%5BCOLOR%20gold%5DCanali%20MPD%5B%2FCOLOR%5D&amp;mode=660&amp;cmd=ActivateWindow%2810025%2C%22plugin%3A%2F%2Fplugin.video.mandrakodi%2F%3Faction%3DgetExtData%26url%3Dhttps%253a%252f%252ftest34344.herokuapp.com%252ffilter.php%253fnumTest%253dA1A134A%22%2Creturn%29&amp;image=https%3A%2F%2Fcdn.vectorstock.com%2Fi%2Fthumb-large%2F29%2F17%2Fmpd-logo-letter-design-vector-42672917.jpg&amp;content_type=video&quot;,return)</favourite>
	<favourite name="[COLOR gold]Canali Rocktalk[/COLOR]" thumb="">ActivateWindow(10025,&quot;plugin://plugin.program.super.favourites/?label=%5BCOLOR%20gold%5DLISTA%203%5B%2FCOLOR%5D%20%5BCOLOR%20blue%5D%28Rocktalk%29%5B%2FCOLOR%5D&amp;mode=660&amp;cmd=ActivateWindow%2810025%2C%22plugin%3A%2F%2Fplugin.video.mandrakodi%2F%3Faction%3DgetExtData%26url%3Dhttps%253a%252f%252ftest34344.herokuapp.com%252ffilter.php%253fnumTest%253dA1A123%22%2Creturn%29&amp;image=https%3A%2F%2Fwww.dropbox.com%2Fs%2Ftbqdyjkvu7lm682%2Fnumero_3.jpg%3Fdl%3D1&amp;content_type=video&quot;,return)</favourite>
</favourites>